
<?xml-model href="file.dtd" type="application/xml-dtd"?>
<!DOCTYPE mapper PUBLIC "-//mybatis.org//DTD Mapper 3.0//EN"
"http://mybatis.org/dtd/mybatis-3-mapper.dtd">

<mapper namespace="com.init.resume.main.mapper.DetailMapper">

    <resultMap id="DetailResult"  type="UserInfo">

        <result property="member_id"    column="member_id"/>
        <result property="name"         column="name"/>
        <result property="phone"        column="phone"/>
        <result property="email"        column="email"/>
        <result property="birth"        column="birth"/>
        <result property="career_age"   column="career_age"/>
        <result property="area"         column="area"/>
        <result property="photo"        column="photo"/>
        <result property="resume"       column="resume"/>

    </resultMap>
    
    <select id="getDetail"  parameterType="List"   resultType="UserInfo" >
      <![CDATA[
       select *
        from (
          select p.del_yn 
                 ,p.id
                 ,p.name 
                 ,p.phone 
                 ,p.email
                 ,p.area
                 ,p.occupation
                 ,p.task
                 ,p.address
                 ,p.detailaddress
                 ,p.birth
                 ,ARRAY_TO_STRING(ARRAY_AGG(distinct qc.qualifi_name),',') as qualifi
                 ,i.imgname
                 ,concat((greatest(max(c.end_date) ,max(w.end_date)) - least(min(c.start_date) , min(w.start_date)))/365, '년',
                 (greatest(max(c.end_date) ,max(w.end_date)) - least(min(c.start_date) , min(w.start_date)))%365/30 ,'개월') as career_age
                 ,extract(year from age(now()::date, p.birth)) as age
                 ,(greatest(max(c.end_date) ,max(w.end_date)) - least(min(c.start_date) , min(w.start_date)))/365 as cyear
            from  resume.resume_personal_info p 
                  left join resume.resume_qualifications q on p.id = q.info_id 
                  left join resume.resume_qualification_code qc on q.qualifi_nm = qc.qualifi_nm
                  left join resume.resume_occupation ro on p.occupation = ro.occupation_nm
                  left join resume.resume_task rt on p.task = rt.task_nm 
                  left join resume.resume_career_detail c  on p.id = c.info_id 
                  left join resume.resume_work_expertentce w  on p.id = w.info_id 
                  left join resume.resume_img i on p.id = i.info_id 
           where 1=1
           group by p.del_yn
           			,p.id
           			,p.name
           			,p.phone 
                 	,p.email
                 	,p.birth
                    ,i.imgname
                    ,ro.name
                    ,rt.name
            )a
          WHERE del_yn = 'N' and id = #{info_id} 
      ]]>
    </select>

<!-- 아이디로 파일 조회 -->
    <select id="fileDetail" parameterType="List" resultType="FileAttach">
      <![CDATA[
        SELECT * 
        FROM resume.resume_file 
        WHERE info_id = #{info_id}
      ]]>
    </select>

  <!-- 파일 아이디로 조회 -->
    <select id="fileSelect" parameterType="Integer" resultType="FileAttach">
      <![CDATA[
        SELECT * 
        FROM resume.resume_file 
        WHERE id = #{file_id}
      ]]>
    </select>
    
    <!-- 이미지 아이디로 조회 -->
    <select id="imgSelect" parameterType="String" resultType="Image">
      <![CDATA[
        SELECT * 
        FROM resume.resume_img 
        WHERE info_id = #{info_id}
      ]]>
    </select>

<!-- 직종 조회 -->
    <select id="occupationSelect" parameterType="Integer" resultType="Occupation">
      <![CDATA[
      select * 
      from resume.resume_occupation 
      ]]>
    </select>
<!-- 직무 조회 -->
    <select id="taskSelect" parameterType="Integer" resultType="Task">
      <![CDATA[
      select *
      from resume.resume_task 
      ]]>
    </select>
<!-- 고객사 조회 -->
    <select id="clientSelect" parameterType="Integer" resultType="Client">
      <![CDATA[
        SELECT * 
        FROM resume.resume_client
      ]]>
    </select>
<!-- 학원 조회 -->
    <select id="instituteSelect" parameterType="Integer" resultType="Institute">
      <![CDATA[
        SELECT * 
        FROM resume.resume_institute 
      ]]>
    </select>
<!-- 직위 조회 -->
    <select id="spotSelect" parameterType="Integer" resultType="Spot">
      <![CDATA[
        SELECT * 
        FROM resume.resume_spot
      ]]>
  </select>
<!-- 근무경력 조회 -->
    <select id="workSelect" parameterType="Integer" resultType="Work">
      <![CDATA[
        SELECT w.start_date, w.end_date, w.company_name, w.department, t.name as task, s.name as spot ,o.name as occupation
        FROM resume.resume_work_expertentce w, resume.resume_task t, resume.resume_spot s ,resume.resume_occupation o
        WHERE w.info_id = ${info_id} and w.task = t.task_nm and s.spot_mc = w.spot_mc and o.occupation_nm = w.occupation
      ]]>
    </select>
<!-- 기술경력 조회 -->
    <select id="careerSelect" parameterType="Integer" resultType="Career">
      <![CDATA[
        SELECT cd.project_name, cd.start_date, cd.end_date, cl.name as client_name, t.name as task ,o.name as occupation
        FROM resume.resume_career_detail cd, resume.resume_client cl, resume.resume_task t ,resume.resume_occupation o
        WHERE cd.info_id = ${info_id} AND cl.client_mc = cd.client_mc AND t.task_nm = cd.task and o.occupation_nm = cd.occupation ORDER BY cd.start_date 
      ]]>
    </select>
<!-- 자격증 조회 -->
    <select id="qualifiSelect" parameterType="Integer" resultType="Qualification">
      <![CDATA[
        SELECT q.id, q.info_id, qc.qualifi_name as name, qc.issuer, q.reg_num , q.reg_date 
        FROM resume.resume_qualifications q, resume.resume_qualification_code qc
        WHERE q.info_id = ${info_id} and qc.qualifi_nm = q.qualifi_nm 
      ]]>
    </select>
<!-- 학력사항 조회 -->
    <select id="educationSelect" parameterType="Integer" resultType="Education">
      <![CDATA[
        SELECT * 
        FROM resume.resume_education 
        WHERE info_id = ${info_id}
      ]]>
    </select>
<!-- 교육사항 조회 -->
    <select id="eduMatterSelect" parameterType="Integer" resultType="Edumatter">
      <![CDATA[
        SELECT e.course_name, e.start_date, e.end_date,  i.name as institation, e.completion_number
        FROM resume.resume_educational_matter e, resume.resume_institute i
        WHERE e.info_id = ${info_id} AND e.institute_mc = i.institute_mc
      ]]>
    </select>
<!-- 상훈 조회 -->
    <select id="prizeSelect" parameterType="Integer" resultType="Prize">
      <![CDATA[
        SELECT * 
        FROM resume.resume_prize 
        WHERE info_id = ${info_id} 
      ]]>
    </select>
<!-- 자격증 코드 조회 -->
    <select id="qualification_codeSelect" parameterType="Integer" resultType="QualificationCode">
      <![CDATA[
        SELECT *
        FROM resume.resume_qualification_code qc
      ]]>
    </select>
    <!-- 지역 목록 조회 -->
    <select id="areaSelect" parameterType="String" resultType="Area">
      <![CDATA[
        SELECT * 
        FROM resume.resume_area
        order by id
      ]]>
    </select>
</mapper>