<?xml version="1.0" encoding="UTF-8" ?>
<!DOCTYPE configuration
  PUBLIC "-//mybatis.org//DTD Config 3.0//EN"
  "http://mybatis.org/dtd/mybatis-3-config.dtd">
<configuration>
    <!--
    <environments default="development">
        <environment id="development">
            <transactionManager type="JDBC" />
            <dataSource type="POOLED">
                <property name="driver" value="org.postgresql.Driver" />
                <property name="url" value="jdbc:postgresql://112.217.204.26:5432/inbapsdb" />
                <property name="username" value="inbaps" />
                <property name="password" value="inbaps" />
            </dataSource>
        </environment>
    </environments>
    <mappers>
        <mapper resource="org/mybatis/example/BlogMapper.xml" />
    </mappers>
    -->
<typeAliases>
		<!-- <typeAlias alias="searchVO" type="egovframework.example.sample.service.SampleDefaultVO"/> -->
		<!-- <typeAlias alias="sampleVO" type="egovframework.example.sample.service.SampleVO"/> -->
		<typeAlias alias="Area" 				type="com.init.resume.main.vo.AreaVO"/>
		<typeAlias alias="Career" 				type="com.init.resume.main.vo.CareerVO"/>
		<typeAlias alias="Client" 				type="com.init.resume.main.vo.ClientVO"/>
		<typeAlias alias="Education" 			type="com.init.resume.main.vo.EducationVO"/>
		<typeAlias alias="Edumatter" 			type="com.init.resume.main.vo.EduMatterVO"/>
		<typeAlias alias="Institute" 			type="com.init.resume.main.vo.InstituteVO"/>
		<typeAlias alias="Image" 				type="com.init.resume.main.vo.ImageVO"/>
		<typeAlias alias="UserInfo"				type="com.init.resume.main.vo.UserInfoVO"/>
		<typeAlias alias="Occupation" 			type="com.init.resume.main.vo.OccupationVO"/>
		<typeAlias alias="Prize" 				type="com.init.resume.main.vo.PrizeVO"/>
		<typeAlias alias="Qualification" 		type="com.init.resume.main.vo.QualificationVO"/>
		<typeAlias alias="QualificationCode" 	type="com.init.resume.main.vo.QualificationCodeVO"/>
		<typeAlias alias="Spot" 				type="com.init.resume.main.vo.SpotVO"/>
		<typeAlias alias="Task" 				type="com.init.resume.main.vo.TaskVO"/>
		<typeAlias alias="Work" 				type="com.init.resume.main.vo.WorkVO"/>
		<typeAlias alias="FileAttach" 			type="com.init.resume.main.vo.FileAttachVO"/>
		<typeAlias alias="User" 				type="com.init.resume.main.vo.UserVO" />	
		<typeAlias alias="CustomUserDetails" 	type="com.init.resume.main.vo.CustomUserDetails" />	
		<typeAlias  alias="egovMap" type="egovframework.rte.psl.dataaccess.util.EgovMap"/>
    </typeAliases>
    <mappers>
    	<mapper resource="resume/sql/postgresql/AreaMapper.xml"/>
    	<mapper resource="resume/sql/postgresql/CareerMapper.xml"/>
    	<mapper resource="resume/sql/postgresql/ClientMapper.xml"/>
    	<mapper resource="resume/sql/postgresql/DetailMapper.xml"/>
    	<mapper resource="resume/sql/postgresql/EducationMapper.xml"/>
    	<mapper resource="resume/sql/postgresql/EduMatterMapper.xml"/>
    	<mapper resource="resume/sql/postgresql/InstituteMapper.xml"/>
    	<mapper resource="resume/sql/postgresql/UserInfoMapper.xml"/>
    	<mapper resource="resume/sql/postgresql/OccupationMapper.xml"/>
    	<mapper resource="resume/sql/postgresql/PdfMapper.xml"/>
    	<mapper resource="resume/sql/postgresql/PrizeMapper.xml"/>
    	<mapper resource="resume/sql/postgresql/QualificationCode.xml"/>
    	<mapper resource="resume/sql/postgresql/QualificationsMapper.xml"/>
    	<mapper resource="resume/sql/postgresql/SpotMapper.xml"/>
    	<mapper resource="resume/sql/postgresql/TaskMapper.xml"/>
    	<mapper resource="resume/sql/postgresql/WorkMapper.xml"/>
    	<mapper resource="resume/sql/postgresql/UserMapper.xml"/>
    </mappers>
</configuration>